"","1","2","3"
"abuse",0.000212404684357718,0,0.000298374139618034
"accept",0.000212404684357718,0,0.000149187069809017
"accepted",0.000575512890603179,0,0
"accordance",0.000212404684357718,0.000402589470558263,0
"action",0.000575512890603179,0,0
"actual",0.000575512890603179,0,0
"adding",0.000575512890603179,0,0
"additionally",0.000575512890603179,0,0
"addressing",0.000575512890603179,0,0
"adhere",0.000575512890603179,0,0
"adjust",0.000575512890603179,0,0
"adjusting",0.00115102578120636,0,0
"administrative",0.000424809368715437,0.000134196490186088,0
"advertisements",0.00402859023422226,0,0
"advertiser",0.000212404684357718,0,0.000447561209427051
"affect",0.000212404684357718,0.000134196490186088,0
"aggregated",0.000424809368715437,0,0.000149187069809017
"agreement",0.000575512890603179,0,0
"agreements",0.000212404684357718,0.000268392980372175,0
"alerts",0.00115102578120636,0,0
"all",0.000424809368715437,0.00120776841167479,0
"alliance",0.000212404684357718,0,0.000149187069809017
"allowed",0.000212404684357718,0.000134196490186088,0
"alteration",0.000575512890603179,0,0
"although",0.000212404684357718,0,0.000149187069809017
"among",0.000575512890603179,0,0
"analyze",0.000637214053073155,0.000268392980372175,0
"anonymized",0.000575512890603179,0,0
"api",0.000575512890603179,0,0
"applies",0.00115102578120636,0,0
"approximate",0.000575512890603179,0,0
"apps",0.000424809368715437,0,0.000298374139618034
"arbitration",0.000212404684357718,0,0.000149187069809017
"area",0.00115102578120636,0,0
"associating",0.000575512890603179,0,0
"attempt",0.000575512890603179,0,0
"authorization",0.000575512890603179,0,0
"authorize",0.000424809368715437,0,0.000298374139618034
"availability",0.000575512890603179,0,0
"away",0.000212404684357718,0,0.000149187069809017
"back",0.000575512890603179,0,0
"based",0.000212404684357718,0,0.000745935349045086
"bases",0.000637214053073155,0.000268392980372175,0
"become",0.000212404684357718,0,0.000149187069809017
"before",0.000424809368715437,0.000268392980372175,0
"being",0.000212404684357718,0.000268392980372175,0
"between",0.000212404684357718,0.000536785960744351,0
"binding",0.000575512890603179,0,0
"blocking",0.00115102578120636,0,0
"bluetooth",0.000575512890603179,0,0
"bodily",0.000575512890603179,0,0
"browsing",0.000212404684357718,0,0.000149187069809017
"buttons",0.000212404684357718,0,0.000149187069809017
"cannot",0.000424809368715437,0.000134196490186088,0
"carry",0.000575512890603179,0,0
"case",0.000575512890603179,0,0
"cause",0.000575512890603179,0,0
"center",0.000212404684357718,0,0.000149187069809017
"certification",0.000212404684357718,0,0.000298374139618034
"changes",0.000424809368715437,0,0.000298374139618034
"changing",0.000637214053073155,0.000134196490186088,0
"charge",0.000212404684357718,0,0.000149187069809017
"chat",0.00115102578120636,0,0
"chats",0.00115102578120636,0,0
"children",0.000424809368715437,0,0.000298374139618034
"choices",0.0023364515279349,0.000268392980372175,0
"clicked",0.000212404684357718,0,0.000447561209427051
"collected",0.00106202342178859,0.000805178941116526,0
"collectively",0.000212404684357718,0.000134196490186088,0
"collects",0.000212404684357718,0.000134196490186088,0
"combine",0.000424809368715437,0.000268392980372175,0
"comment",0.000575512890603179,0,0
"comments",0.000849618737430873,0,0.000298374139618034
"commerce",0.000575512890603179,0,0
"commission",0.000212404684357718,0,0.000298374139618034
"common",0.00115102578120636,0,0
"communication",0.000575512890603179,0,0
"communities",0.00115102578120636,0,0
"complaints",0.000575512890603179,0,0
"compliance",0.000212404684357718,0,0.000149187069809017
"conditions",0.000212404684357718,0,0.000149187069809017
"configuring",0.000575512890603179,0,0
"connection",0.000637214053073155,0.000134196490186088,0
"consented",0.000575512890603179,0,0
"consideration",0.000575512890603179,0,0
"consultants",0.000212404684357718,0.000268392980372175,0
"continuing",0.000212404684357718,0,0.000149187069809017
"controlling",0.00345307734361908,0,0
"could",0.000212404684357718,0.000134196490186088,0
"countries",0.000424809368715437,0,0.000447561209427051
"customer",0.00172653867180954,0,0
"damage",0.000575512890603179,0,0
"days",0.000212404684357718,0,0.000298374139618034
"deactivate",0.000212404684357718,0,0.000149187069809017
"default",0.000212404684357718,0.000536785960744351,0
"deidentified",0.000575512890603179,0,0
"deliver",0.000212404684357718,0.000268392980372175,0
"delivered",0.000575512890603179,0,0
"demographic",0.000212404684357718,0,0.000298374139618034
"department",0.000575512890603179,0,0
"depend",0.000575512890603179,0,0
"depending",0.000424809368715437,0.000402589470558263,0
"derive",0.000212404684357718,0.000134196490186088,0
"destruction",0.000575512890603179,0,0
"develop",0.000212404684357718,0.000402589470558263,0
"development",0.000575512890603179,0,0
"direction",0.000212404684357718,0,0.000149187069809017
"disassociated",0.000575512890603179,0,0
"disclosing",0.000575512890603179,0,0
"disclosure",0.00172653867180954,0,0
"document",0.000575512890603179,0,0
"doesn",0.000212404684357718,0.000134196490186088,0
"doing",0.000575512890603179,0,0
"drafts",0.000575512890603179,0,0
"economic",0.00115102578120636,0,0
"eea",0.000849618737430873,0.000134196490186088,0
"effect",0.000575512890603179,0,0
"elect",0.000575512890603179,0,0
"embed",0.00115102578120636,0,0
"embeds",0.000424809368715437,0,0.000149187069809017
"emergency",0.000575512890603179,0,0
"employees",0.000575512890603179,0,0
"enables",0.000575512890603179,0,0
"encourage",0.000212404684357718,0.000134196490186088,0
"end",0.000575512890603179,0,0
"enforcement",0.000424809368715437,0,0.000149187069809017
"enforcing",0.00115102578120636,0,0
"ensuring",0.000212404684357718,0.000268392980372175,0
"equipment",0.000575512890603179,0,0
"erasure",0.000575512890603179,0,0
"establish",0.000575512890603179,0,0
"european",0.000637214053073155,0,0.000596748279236069
"euus",0.000212404684357718,0,0.000596748279236069
"even",0.000212404684357718,0,0.000745935349045086
"event",0.000212404684357718,0,0.000149187069809017
"events",0.000212404684357718,0,0.000149187069809017
"except",0.000575512890603179,0,0
"exercised",0.000575512890603179,0,0
"extent",0.000212404684357718,0.000402589470558263,0
"factors",0.000575512890603179,0,0
"feature",0.000212404684357718,0.000268392980372175,0
"federal",0.000212404684357718,0,0.000149187069809017
"fill",0.000575512890603179,0,0
"form",0.000212404684357718,0.000134196490186088,0
"forwarded",0.000575512890603179,0,0
"framework",0.000575512890603179,0,0
"friending",0.000575512890603179,0,0
"front",0.000575512890603179,0,0
"functionality",0.000212404684357718,0.000134196490186088,0
"gifs",0.000575512890603179,0,0
"gifts",0.000575512890603179,0,0
"giving",0.000575512890603179,0,0
"gold",0.00115102578120636,0,0
"gps",0.000575512890603179,0,0
"guardian",0.000212404684357718,0,0.000149187069809017
"habits",0.000575512890603179,0,0
"hardware",0.000575512890603179,0,0
"hash",0.000575512890603179,0,0
"hiding",0.000575512890603179,0,0
"history",0.000212404684357718,0,0.000298374139618034
"https",0.000575512890603179,0,0
"identifier",0.000212404684357718,0.000134196490186088,0
"identify",0.000212404684357718,0.000402589470558263,0
"identifying",0.000212404684357718,0.000268392980372175,0
"ids",0.000212404684357718,0,0.000447561209427051
"imminent",0.000212404684357718,0.000134196490186088,0
"includes",0.00127442810614631,0,0.000895122418854103
"inconsistent",0.000575512890603179,0,0
"incorporates",0.000575512890603179,0,0
"indicating",0.000575512890603179,0,0
"individual",0.000424809368715437,0.000268392980372175,0
"individuals",0.000212404684357718,0,0.000149187069809017
"informed",0.000575512890603179,0,0
"initially",0.000575512890603179,0,0
"initiative",0.000575512890603179,0,0
"inquiries",0.000575512890603179,0,0
"instead",0.000575512890603179,0,0
"instructions",0.000212404684357718,0,0.000745935349045086
"integrate",0.000212404684357718,0,0.000149187069809017
"integrations",0.000212404684357718,0,0.000298374139618034
"interactions",0.000637214053073155,0,0.000149187069809017
"international",0.000212404684357718,0,0.000447561209427051
"investigatory",0.000212404684357718,0,0.000149187069809017
"invited",0.000575512890603179,0,0
"invoices",0.000575512890603179,0,0
"invoke",0.000575512890603179,0,0
"jams",0.000212404684357718,0,0.000149187069809017
"job",0.000575512890603179,0,0
"join",0.000575512890603179,0,0
"june",0.000575512890603179,0,0
"karma",0.000575512890603179,0,0
"last",0.000212404684357718,0.000134196490186088,0
"legitimate",0.000637214053073155,0.00147616139204696,0
"liable",0.000212404684357718,0,0.000149187069809017
"linked",0.00106202342178859,0,0.000149187069809017
"linking",0.000575512890603179,0,0
"listed",0.000575512890603179,0,0
"locations",0.000575512890603179,0,0
"lodge",0.000575512890603179,0,0
"loss",0.000575512890603179,0,0
"maintain",0.000424809368715437,0,0.000149187069809017
"maintains",0.000575512890603179,0,0
"making",0.000575512890603179,0,0
"match",0.000575512890603179,0,0
"material",0.000212404684357718,0,0.000149187069809017
"measures",0.000424809368715437,0,0.000149187069809017
"mechanisms",0.000575512890603179,0,0
"media",0.000212404684357718,0.000268392980372175,0
"meeting",0.000575512890603179,0,0
"member",0.000212404684357718,0.000268392980372175,0
"message",0.000637214053073155,0,0.000298374139618034
"messages",0.00191164215921946,0,0.00149187069809017
"misuse",0.000575512890603179,0,0
"mobiledevice",0.000575512890603179,0,0
"moderator",0.00230205156241272,0,0
"moderators",0.00172653867180954,0,0
"modern",0.000575512890603179,0,0
"modmail",0.00230205156241272,0,0
"monitor",0.000212404684357718,0,0.000149187069809017
"must",0.000424809368715437,0,0.000596748279236069
"name",0.000424809368715437,0,0.00104430948866312
"national",0.000575512890603179,0,0
"need",0.000849618737430873,0.000805178941116526,0
"needed",0.000212404684357718,0.000268392980372175,0
"network",0.000424809368715437,0.000268392980372175,0
"networks",0.00230205156241272,0,0
"news",0.000212404684357718,0,0.000149187069809017
"nonpromotional",0.00115102578120636,0,0
"nonpublic",0.000212404684357718,0,0.000447561209427051
"notice",0.000637214053073155,0.000134196490186088,0
"notices",0.000575512890603179,0,0
"notification",0.000424809368715437,0,0.000298374139618034
"notifications",0.000424809368715437,0,0.000447561209427051
"obtained",0.000212404684357718,0.000134196490186088,0
"offers",0.000575512890603179,0,0
"online",0.000424809368715437,0,0.000149187069809017
"options",0.000212404684357718,0,0.000149187069809017
"optout",0.000424809368715437,0.000402589470558263,0
"originally",0.00115102578120636,0,0
"ourselves",0.000575512890603179,0,0
"overridden",0.000212404684357718,0.000134196490186088,0
"ownership",0.000212404684357718,0,0.000149187069809017
"parents",0.000575512890603179,0,0
"participate",0.000575512890603179,0,0
"parts",0.000212404684357718,0,0.000298374139618034
"payments",0.000212404684357718,0,0.000149187069809017
"paypal",0.000575512890603179,0,0
"person",0.000212404684357718,0,0.000298374139618034
"personalized",0.000637214053073155,0.000536785960744351,0
"pieces",0.000575512890603179,0,0
"point",0.000575512890603179,0,0
"portability",0.000212404684357718,0,0.000149187069809017
"post",0.000424809368715437,0.00120776841167479,0
"posting",0.000575512890603179,0,0
"posts",0.000849618737430873,0.0010735719214887,0
"potential",0.000212404684357718,0.000134196490186088,0
"powers",0.000212404684357718,0,0.000149187069809017
"preferences",0.00148683279050403,0,0.000447561209427051
"preferred",0.000575512890603179,0,0
"preventing",0.000212404684357718,0.000134196490186088,0
"previously",0.000212404684357718,0,0.000149187069809017
"principles",0.00106202342178859,0,0.000745935349045086
"prior",0.000637214053073155,0.000268392980372175,0
"processed",0.000424809368715437,0.000134196490186088,0
"processes",0.000212404684357718,0.000134196490186088,0
"processor",0.000212404684357718,0.000805178941116526,0
"processors",0.000575512890603179,0,0
"product",0.000212404684357718,0.000134196490186088,0
"products",0.000637214053073155,0.0010735719214887,0
"profile",0.000637214053073155,0,0.000745935349045086
"profiles",0.000212404684357718,0,0.000298374139618034
"program",0.000212404684357718,0,0.000149187069809017
"promoting",0.000575512890603179,0,0
"promotional",0.00230205156241272,0,0
"promotions",0.00115102578120636,0,0
"protecting",0.000212404684357718,0.000268392980372175,0
"prove",0.000575512890603179,0,0
"provided",0.000637214053073155,0,0.000447561209427051
"provider",0.00115102578120636,0,0
"provides",0.000212404684357718,0,0.000298374139618034
"purchasing",0.000575512890603179,0,0
"purpose",0.000424809368715437,0,0.000149187069809017
"push",0.000575512890603179,0,0
"quality",0.000212404684357718,0,0.000149187069809017
"quarantined",0.000575512890603179,0,0
"rannouncements",0.000575512890603179,0,0
"real",0.000212404684357718,0,0.000149187069809017
"receives",0.000575512890603179,0,0
"recipients",0.000212404684357718,0,0.000149187069809017
"rectification",0.000575512890603179,0,0
"reddit",0.0166898738274922,0,0
"reddits",0.000575512890603179,0,0
"redditsponsored",0.000575512890603179,0,0
"reference",0.000575512890603179,0,0
"referral",0.000575512890603179,0,0
"reject",0.00115102578120636,0,0
"remove",0.000424809368715437,0.000134196490186088,0
"report",0.000575512890603179,0,0
"reporting",0.000575512890603179,0,0
"reports",0.000212404684357718,0,0.000149187069809017
"requests",0.000424809368715437,0.000134196490186088,0
"requirements",0.000575512890603179,0,0
"research",0.00115102578120636,0,0
"response",0.00230205156241272,0,0
"restriction",0.000575512890603179,0,0
"result",0.000575512890603179,0,0
"retrieve",0.000575512890603179,0,0
"revised",0.000424809368715437,0,0.000149187069809017
"revising",0.000575512890603179,0,0
"rise",0.000575512890603179,0,0
"same",0.000212404684357718,0.000134196490186088,0
"satisfies",0.000575512890603179,0,0
"saved",0.000212404684357718,0.000134196490186088,0
"saving",0.000575512890603179,0,0
"scope",0.000212404684357718,0.000134196490186088,0
"section",0.000212404684357718,0.000402589470558263,0
"sell",0.000212404684357718,0.000134196490186088,0
"sending",0.000212404684357718,0,0.000149187069809017
"sends",0.000575512890603179,0,0
"serious",0.000575512890603179,0,0
"servers",0.000637214053073155,0.000268392980372175,0
"shares",0.000212404684357718,0,0.000149187069809017
"shield",0.00148683279050403,0,0.00149187069809017
"show",0.000212404684357718,0,0.00119349655847214
"sign",0.000212404684357718,0,0.000298374139618034
"signal",0.00172653867180954,0,0
"social",0.00230205156241272,0,0
"solely",0.000575512890603179,0,0
"sources",0.00115102578120636,0,0
"spammers",0.000575512890603179,0,0
"specific",0.00230205156241272,0,0
"specified",0.000575512890603179,0,0
"standard",0.000212404684357718,0,0.000149187069809017
"statement",0.000575512890603179,0,0
"status",0.00172653867180954,0,0
"stay",0.000575512890603179,0,0
"stop",0.000575512890603179,0,0
"stores",0.000212404684357718,0.000134196490186088,0
"string",0.000575512890603179,0,0
"stripe",0.000575512890603179,0,0
"subject",0.000637214053073155,0,0.000895122418854103
"submit",0.00106202342178859,0.000134196490186088,0
"submitted",0.000424809368715437,0.000134196490186088,0
"subscriptions",0.000575512890603179,0,0
"subsequently",0.000212404684357718,0.000134196490186088,0
"subsidiaries",0.000575512890603179,0,0
"suspected",0.000575512890603179,0,0
"swiss",0.00115102578120636,0,0
"swissus",0.000212404684357718,0,0.000596748279236069
"switzerland",0.000212404684357718,0,0.000447561209427051
"targeted",0.000212404684357718,0.000134196490186088,0
"theft",0.000212404684357718,0.000268392980372175,0
"there",0.000212404684357718,0.000134196490186088,0
"think",0.000212404684357718,0,0.000149187069809017
"top",0.000575512890603179,0,0
"total",0.000212404684357718,0,0.000149187069809017
"track",0.000424809368715437,0,0.000447561209427051
"tracked",0.000575512890603179,0,0
"trade",0.000212404684357718,0,0.000149187069809017
"traffic",0.000575512890603179,0,0
"transactional",0.000575512890603179,0,0
"transfers",0.000212404684357718,0.000536785960744351,0
"transmitted",0.000575512890603179,0,0
"transparency",0.000212404684357718,0,0.000149187069809017
"trends",0.000212404684357718,0,0.000149187069809017
"trophies",0.000575512890603179,0,0
"tumblr",0.000212404684357718,0.00590464556818786,0
"twofactor",0.000575512890603179,0,0
"types",0.000212404684357718,0.000402589470558263,0
"unauthorized",0.000212404684357718,0.000134196490186088,0
"union",0.000212404684357718,0,0.000596748279236069
"unique",0.000424809368715437,0.000670982450930438,0
"unless",0.000637214053073155,0.000939375431302614,0
"updates",0.000212404684357718,0,0.000149187069809017
"updating",0.000575512890603179,0,0
"upvoted",0.000575512890603179,0,0
"url",0.000575512890603179,0,0
"urls",0.000212404684357718,0,0.000149187069809017
"user",0.00169923747486175,0.00174455437241914,0
"useragent",0.000575512890603179,0,0
"users",0.00276126089665034,0.00187875086260523,0
"usually",0.000212404684357718,0.000134196490186088,0
"vendors",0.000575512890603179,0,0
"verifiable",0.000575512890603179,0,0
"via",0.000849618737430873,0,0.000447561209427051
"videos",0.000575512890603179,0,0
"viewable",0.000212404684357718,0,0.000298374139618034
"violation",0.000575512890603179,0,0
"visible",0.000424809368715437,0.000134196490186088,0
"visited",0.000424809368715437,0,0.000298374139618034
"visiting",0.000575512890603179,0,0
"visitors",0.000637214053073155,0.000134196490186088,0
"voting",0.00115102578120636,0,0
"were",0.000212404684357718,0.000134196490186088,0
"whenever",0.000575512890603179,0,0
"while",0.000212404684357718,0.000268392980372175,0
"widgets",0.000575512890603179,0,0
"wish",0.000212404684357718,0,0.000149187069809017
"acceptance",0,0.000134196490186088,0.000149187069809017
"accepting",0,0.000363606905418939,0
"accessed",0,0.000363606905418939,0
"accessible",0,0.00145442762167576,0
"acquired",0,0.00109082071625682,0
"acquirer",0,0.000363606905418939,0
"active",0,0.000363606905418939,0
"afraid",0,0.000363606905418939,0
"afterward",0,0.000363606905418939,0
"again",0,0.000363606905418939,0
"against",0,0.000727213810837878,0
"agents",0,0.0018180345270947,0
"allowing",0,0.000363606905418939,0
"alone",0,0.000363606905418939,0
"along",0,0.000268392980372175,0.000447561209427051
"always",0,0.000268392980372175,0.000596748279236069
"amazing",0,0.000363606905418939,0
"andor",0,0.000727213810837878,0
"android",0,0.000134196490186088,0.000447561209427051
"anonymous",0,0.000727213810837878,0
"another",0,0.000268392980372175,0.000596748279236069
"anyone",0,0.000536785960744351,0.000298374139618034
"anything",0,0.000268392980372175,0.000298374139618034
"app",0,0.000134196490186088,0.000298374139618034
"applications",0,0.000536785960744351,0.000447561209427051
"appreciate",0,0.000363606905418939,0
"archives",0,0.000363606905418939,0
"arent",0,0.000363606905418939,0
"ashamed",0,0.000363606905418939,0
"ask",0,0.00436328286502727,0
"asks",0,0.000363606905418939,0
"assets",0,0.000805178941116526,0.000149187069809017
"assign",0,0.000363606905418939,0
"assist",0,0.000727213810837878,0
"associate",0,0.000268392980372175,0.000596748279236069
"assume",0,0.000363606905418939,0
"authorizations",0,0.000363606905418939,0
"backups",0,0.000363606905418939,0
"balance",0,0.000363606905418939,0
"bankruptcy",0,0.000134196490186088,0.000149187069809017
"baseless",0,0.000363606905418939,0
"basis",0,0.000363606905418939,0
"beautiful",0,0.000727213810837878,0
"because",0,0.000536785960744351,0.000298374139618034
"begin",0,0.000363606905418939,0
"behave",0,0.000363606905418939,0
"best",0,0.000134196490186088,0.000149187069809017
"beyond",0,0.000363606905418939,0
"blog",0,0.00254524833793257,0
"bloggers",0,0.000727213810837878,0
"blogs",0,0.00120776841167479,0.000149187069809017
"boring",0,0.000363606905418939,0
"both",0,0.000134196490186088,0.000298374139618034
"brands",0,0.000727213810837878,0
"browserrelated",0,0.000363606905418939,0
"burdensome",0,0.000363606905418939,0
"businesses",0,0.000363606905418939,0
"buy",0,0.000363606905418939,0
"buyer",0,0.000363606905418939,0
"camera",0,0.000727213810837878,0
"card",0,0.000268392980372175,0.000298374139618034
"careful",0,0.000363606905418939,0
"carefully",0,0.000134196490186088,0.000149187069809017
"cases",0,0.00363606905418939,0
"cease",0,0.000363606905418939,0
"challenges",0,0.000727213810837878,0
"changed",0,0.000363606905418939,0
"characteristics",0,0.000134196490186088,0.000298374139618034
"checking",0,0.000363606905418939,0
"choice",0,0.000134196490186088,0.000149187069809017
"claims",0,0.000363606905418939,0
"clear",0,0.000363606905418939,0
"click",0,0.000134196490186088,0.000447561209427051
"clicking",0,0.000363606905418939,0
"close",0,0.000363606905418939,0
"code",0,0.000268392980372175,0.000149187069809017
"comes",0,0.000363606905418939,0
"community",0,0.00145442762167576,0
"company",0,0.000402589470558263,0.000447561209427051
"compelling",0,0.000363606905418939,0
"complain",0,0.000363606905418939,0
"complete",0,0.000363606905418939,0
"completely",0,0.000363606905418939,0
"comscore",0,0.000363606905418939,0
"concerns",0,0.000363606905418939,0
"confident",0,0.000363606905418939,0
"confirm",0,0.000363606905418939,0
"connect",0,0.000670982450930438,0.000596748279236069
"connected",0,0.000268392980372175,0.000149187069809017
"connecting",0,0.000363606905418939,0
"consents",0,0.000363606905418939,0
"consider",0,0.000134196490186088,0.000149187069809017
"considered",0,0.000363606905418939,0
"considering",0,0.000363606905418939,0
"consolidated",0,0.000363606905418939,0
"constitutes",0,0.000363606905418939,0
"contacting",0,0.000134196490186088,0.000447561209427051
"contacts",0,0.000536785960744351,0.000447561209427051
"contain",0,0.000727213810837878,0
"continue",0,0.00109082071625682,0
"contract",0,0.00109082071625682,0
"controller",0,0.000134196490186088,0.000298374139618034
"converting",0,0.000363606905418939,0
"cool",0,0.000363606905418939,0
"copied",0,0.000363606905418939,0
"copy",0,0.000134196490186088,0.000298374139618034
"corporate",0,0.000134196490186088,0.000298374139618034
"course",0,0.000363606905418939,0
"court",0,0.000363606905418939,0
"cover",0,0.000363606905418939,0
"covers",0,0.00145442762167576,0
"creating",0,0.000363606905418939,0
"credit",0,0.000268392980372175,0.000298374139618034
"crime",0,0.000363606905418939,0
"customizability",0,0.000363606905418939,0
"customize",0,0.000363606905418939,0
"decide",0,0.000268392980372175,0.000447561209427051
"deemed",0,0.000363606905418939,0
"defend",0,0.000363606905418939,0
"deletion",0,0.000268392980372175,0.000298374139618034
"demands",0,0.000363606905418939,0
"depersonalized",0,0.000363606905418939,0
"derived",0,0.000363606905418939,0
"describe",0,0.000363606905418939,0
"describes",0,0.000363606905418939,0
"describing",0,0.000363606905418939,0
"descriptive",0,0.000363606905418939,0
"desires",0,0.000363606905418939,0
"detail",0,0.00109082071625682,0
"detect",0,0.000268392980372175,0.000149187069809017
"determined",0,0.000363606905418939,0
"developing",0,0.00109082071625682,0
"different",0,0.000134196490186088,0.000149187069809017
"differently",0,0.000363606905418939,0
"digits",0,0.000363606905418939,0
"disabling",0,0.000363606905418939,0
"discard",0,0.000363606905418939,0
"disclose",0,0.000536785960744351,0.00104430948866312
"disclosed",0,0.0018180345270947,0
"display",0,0.000134196490186088,0.000447561209427051
"disputes",0,0.000363606905418939,0
"domains",0,0.000363606905418939,0
"don",0,0.000402589470558263,0.000298374139618034
"dont",0,0.00109082071625682,0
"duration",0,0.000363606905418939,0
"each",0,0.0018180345270947,0
"easily",0,0.000363606905418939,0
"effectiveness",0,0.000134196490186088,0.000298374139618034
"efficiency",0,0.000363606905418939,0
"either",0,0.000134196490186088,0.000298374139618034
"emailing",0,0.000363606905418939,0
"emails",0,0.000268392980372175,0.000149187069809017
"embedded",0,0.000134196490186088,0.000149187069809017
"enable",0,0.000670982450930438,0.000596748279236069
"enabling",0,0.000363606905418939,0
"ends",0,0.000363606905418939,0
"engines",0,0.000402589470558263,0.000149187069809017
"enhance",0,0.00145442762167576,0
"enhancing",0,0.00109082071625682,0
"enjoy",0,0.000363606905418939,0
"enter",0,0.000363606905418939,0
"entities",0,0.000363606905418939,0
"ever",0,0.000363606905418939,0
"everyone",0,0.00145442762167576,0
"everything",0,0.000363606905418939,0
"exchanging",0,0.000363606905418939,0
"exciting",0,0.000363606905418939,0
"exercise",0,0.000363606905418939,0
"exif",0,0.000363606905418939,0
"expand",0,0.000363606905418939,0
"expiration",0,0.000134196490186088,0.000149187069809017
"expression",0,0.000363606905418939,0
"extensions",0,0.000363606905418939,0
"externallypointing",0,0.000363606905418939,0
"eyes",0,0.000363606905418939,0
"fact",0,0.000363606905418939,0
"fairly",0,0.000363606905418939,0
"familiarizing",0,0.000363606905418939,0
"family",0,0.00218164143251364,0
"fan",0,0.000727213810837878,0
"far",0,0.000363606905418939,0
"few",0,0.000134196490186088,0.000149187069809017
"fight",0,0.000363606905418939,0
"fighting",0,0.000363606905418939,0
"file",0,0.000363606905418939,0
"files",0,0.000727213810837878,0
"financial",0,0.00145442762167576,0
"find",0,0.000402589470558263,0.000745935349045086
"finished",0,0.000363606905418939,0
"flexibility",0,0.000363606905418939,0
"follow",0,0.000268392980372175,0.000745935349045086
"format",0,0.000363606905418939,0
"former",0,0.000727213810837878,0
"forth",0,0.000727213810837878,0
"forward",0,0.000363606905418939,0
"four",0,0.000363606905418939,0
"fraudulent",0,0.000363606905418939,0
"freedom",0,0.000363606905418939,0
"fully",0,0.000363606905418939,0
"fun",0,0.000363606905418939,0
"further",0,0.000727213810837878,0
"future",0,0.000363606905418939,0
"gathered",0,0.000363606905418939,0
"gender",0,0.000134196490186088,0.000149187069809017
"general",0,0.000727213810837878,0
"generate",0,0.000363606905418939,0
"geolocation",0,0.000727213810837878,0
"geotag",0,0.000363606905418939,0
"get",0,0.000268392980372175,0.000149187069809017
"gets",0,0.000134196490186088,0.000149187069809017
"given",0,0.00109082071625682,0
"globally",0,0.000268392980372175,0.000149187069809017
"goes",0,0.000363606905418939,0
"goodbye",0,0.000363606905418939,0
"govern",0,0.000134196490186088,0.000298374139618034
"governed",0,0.000363606905418939,0
"governs",0,0.000727213810837878,0
"great",0,0.00109082071625682,0
"grounds",0,0.000363606905418939,0
"handle",0,0.000363606905418939,0
"happen",0,0.000363606905418939,0
"happening",0,0.000363606905418939,0
"happens",0,0.000363606905418939,0
"harassment",0,0.000363606905418939,0
"hard",0,0.00109082071625682,0
"harming",0,0.000363606905418939,0
"hasn",0,0.000363606905418939,0
"head",0,0.000363606905418939,0
"health",0,0.000134196490186088,0.000149187069809017
"heart",0,0.000363606905418939,0
"helps",0,0.000134196490186088,0.000149187069809017
"hereof",0,0.000363606905418939,0
"holds",0,0.000363606905418939,0
"home",0,0.000363606905418939,0
"identifies",0,0.000363606905418939,0
"identity",0,0.000268392980372175,0.000149187069809017
"iii",0,0.000363606905418939,0
"immediately",0,0.000268392980372175,0.000149187069809017
"important",0,0.000727213810837878,0
"improving",0,0.00218164143251364,0
"included",0,0.000134196490186088,0.000149187069809017
"index",0,0.000363606905418939,0
"indexed",0,0.000363606905418939,0
"infer",0,0.000363606905418939,0
"infringement",0,0.000363606905418939,0
"insights",0,0.000363606905418939,0
"integral",0,0.000363606905418939,0
"interacting",0,0.000727213810837878,0
"interested",0,0.000134196490186088,0.000298374139618034
"interesting",0,0.000363606905418939,0
"internal",0,0.000134196490186088,0.000149187069809017
"internet",0,0.0018180345270947,0
"investigate",0,0.000134196490186088,0.000149187069809017
"investigation",0,0.000363606905418939,0
"involved",0,0.000134196490186088,0.000149187069809017
"involving",0,0.000363606905418939,0
"ios",0,0.000134196490186088,0.000298374139618034
"issues",0,0.000134196490186088,0.000298374139618034
"keeping",0,0.000134196490186088,0.000149187069809017
"kind",0,0.000363606905418939,0
"kinds",0,0.00145442762167576,0
"lastpass",0,0.000363606905418939,0
"latter",0,0.000363606905418939,0
"lawfully",0,0.000727213810837878,0
"leaving",0,0.000363606905418939,0
"legally",0,0.000363606905418939,0
"liked",0,0.000268392980372175,0.000149187069809017
"likepassword",0,0.000363606905418939,0
"likes",0,0.000363606905418939,0
"liking",0,0.000268392980372175,0.000149187069809017
"limitedtime",0,0.000363606905418939,0
"limiting",0,0.000363606905418939,0
"list",0,0.000402589470558263,0.000149187069809017
"lists",0,0.000268392980372175,0.000149187069809017
"little",0,0.000363606905418939,0
"locating",0,0.000363606905418939,0
"logged",0,0.000134196490186088,0.000447561209427051
"logging",0,0.00109082071625682,0
"login",0,0.000268392980372175,0.000149187069809017
"look",0,0.00145442762167576,0
"looked",0,0.000363606905418939,0
"looking",0,0.000134196490186088,0.000298374139618034
"lookup",0,0.000363606905418939,0
"lot",0,0.000363606905418939,0
"made",0,0.000363606905418939,0
"mail",0,0.000727213810837878,0
"mainly",0,0.000363606905418939,0
"maintaining",0,0.000363606905418939,0
"majority",0,0.000363606905418939,0
"malware",0,0.000727213810837878,0
"manner",0,0.000363606905418939,0
"many",0,0.000268392980372175,0.000596748279236069
"matter",0,0.000363606905418939,0
"meaningful",0,0.000134196490186088,0.000149187069809017
"mentioned",0,0.000363606905418939,0
"method",0,0.000363606905418939,0
"might",0,0.000536785960744351,0.000149187069809017
"moreover",0,0.000363606905418939,0
"much",0,0.000727213810837878,0
"multifactor",0,0.000727213810837878,0
"multiple",0,0.000134196490186088,0.000149187069809017
"narc",0,0.000363606905418939,0
"native",0,0.0018180345270947,0
"nature",0,0.000727213810837878,0
"nearunique",0,0.000363606905418939,0
"never",0,0.000727213810837878,0
"noted",0,0.000134196490186088,0.000149187069809017
"notes",0,0.000363606905418939,0
"now",0,0.000727213810837878,0
"oath",0,0.00327246214877045,0
"obligation",0,0.000727213810837878,0
"obtain",0,0.000363606905418939,0
"obtaining",0,0.000363606905418939,0
"occasionally",0,0.000727213810837878,0
"occur",0,0.000363606905418939,0
"off",0,0.000402589470558263,0.000298374139618034
"once",0,0.000727213810837878,0
"ones",0,0.000727213810837878,0
"onto",0,0.000363606905418939,0
"order",0,0.00134196490186088,0.000596748279236069
"organizations",0,0.000363606905418939,0
"ours",0,0.000363606905418939,0
"ourterms",0,0.000363606905418939,0
"outlined",0,0.000363606905418939,0
"outside",0,0.000134196490186088,0.000447561209427051
"owner",0,0.000363606905418939,0
"owns",0,0.000363606905418939,0
"paid",0,0.000363606905418939,0
"paramount",0,0.000363606905418939,0
"part",0,0.000939375431302614,0.000596748279236069
"particularly",0,0.000402589470558263,0.000149187069809017
"passwordprotected",0,0.000363606905418939,0
"passwords",0,0.000727213810837878,0
"patterns",0,0.000134196490186088,0.000149187069809017
"people",0,0.000805178941116526,0.00179024483770821
"perform",0,0.000268392980372175,0.000149187069809017
"permission",0,0.000268392980372175,0.000149187069809017
"permitted",0,0.000363606905418939,0
"personalization",0,0.000268392980372175,0.000447561209427051
"phone",0,0.000402589470558263,0.00104430948866312
"pixel",0,0.000363606905418939,0
"place",0,0.000134196490186088,0.000298374139618034
"placed",0,0.000134196490186088,0.000149187069809017
"places",0,0.000134196490186088,0.000149187069809017
"platform",0,0.000134196490186088,0.000596748279236069
"popular",0,0.000134196490186088,0.000149187069809017
"porting",0,0.000363606905418939,0
"possible",0,0.000402589470558263,0.000149187069809017
"preference",0,0.000363606905418939,0
"prejudice",0,0.000268392980372175,0.000149187069809017
"presenting",0,0.000363606905418939,0
"preserve",0,0.000134196490186088,0.000149187069809017
"privately",0,0.000268392980372175,0.000149187069809017
"probably",0,0.000363606905418939,0
"proof",0,0.000727213810837878,0
"protected",0,0.000268392980372175,0.000298374139618034
"protocol",0,0.000363606905418939,0
"proud",0,0.000363606905418939,0
"publish",0,0.000536785960744351,0.000149187069809017
"published",0,0.00109082071625682,0
"publishing",0,0.000363606905418939,0
"purchases",0,0.000363606905418939,0
"pursuant",0,0.000134196490186088,0.000149187069809017
"pursue",0,0.00145442762167576,0
"questions",0,0.000134196490186088,0.000298374139618034
"rather",0,0.000363606905418939,0
"read",0,0.000134196490186088,0.000298374139618034
"reading",0,0.000727213810837878,0
"really",0,0.00109082071625682,0
"reason",0,0.000363606905418939,0
"reasonable",0,0.000727213810837878,0
"reasons",0,0.00145442762167576,0
"reblog",0,0.000363606905418939,0
"reblogged",0,0.00109082071625682,0
"reblogging",0,0.00109082071625682,0
"reblogs",0,0.00109082071625682,0
"recognize",0,0.000134196490186088,0.000149187069809017
"recommend",0,0.000134196490186088,0.000447561209427051
"record",0,0.000727213810837878,0
"recovery",0,0.000363606905418939,0
"rectify",0,0.000268392980372175,0.000149187069809017
"referred",0,0.000134196490186088,0.000149187069809017
"registered",0,0.000268392980372175,0.000149187069809017
"relating",0,0.000363606905418939,0
"relation",0,0.000363606905418939,0
"relationship",0,0.000363606905418939,0
"release",0,0.000363606905418939,0
"relevant",0,0.000536785960744351,0.000895122418854103
"relies",0,0.000363606905418939,0
"rely",0,0.00109082071625682,0
"remain",0,0.000268392980372175,0.000149187069809017
"remember",0,0.000134196490186088,0.000149187069809017
"remembering",0,0.000134196490186088,0.000149187069809017
"replied",0,0.000363606905418939,0
"replies",0,0.000363606905418939,0
"replying",0,0.000727213810837878,0
"require",0,0.000268392980372175,0.000298374139618034
"reserve",0,0.000363606905418939,0
"reset",0,0.000363606905418939,0
"resident",0,0.000363606905418939,0
"respect",0,0.000363606905418939,0
"responsibility",0,0.000363606905418939,0
"rest",0,0.000363606905418939,0
"restrict",0,0.000268392980372175,0.000298374139618034
"results",0,0.000727213810837878,0
"risk",0,0.000363606905418939,0
"risks",0,0.000363606905418939,0
"rough",0,0.000363606905418939,0
"run",0,0.000363606905418939,0
"safe",0,0.000727213810837878,0
"safeguards",0,0.000363606905418939,0
"said",0,0.000727213810837878,0
"satisfy",0,0.000363606905418939,0
"say",0,0.000134196490186088,0.000149187069809017
"screen",0,0.000363606905418939,0
"scrub",0,0.000363606905418939,0
"scrubbed",0,0.000363606905418939,0
"second",0,0.000363606905418939,0
"secure",0,0.000536785960744351,0.000447561209427051
"seen",0,0.000363606905418939,0
"selected",0,0.000363606905418939,0
"selfharm",0,0.000363606905418939,0
"seriously",0,0.000363606905418939,0
"seriousness",0,0.000363606905418939,0
"serve",0,0.000134196490186088,0.000596748279236069
"showing",0,0.000268392980372175,0.000149187069809017
"shown",0,0.000363606905418939,0
"signing",0,0.000363606905418939,0
"site",0,0.000727213810837878,0
"sites",0,0.000363606905418939,0
"situations",0,0.000363606905418939,0
"something",0,0.000363606905418939,0
"sometimes",0,0.00145442762167576,0
"sophistication",0,0.000363606905418939,0
"sort",0,0.000363606905418939,0
"spam",0,0.000536785960744351,0.000447561209427051
"statistical",0,0.000363606905418939,0
"strive",0,0.000363606905418939,0
"studies",0,0.000363606905418939,0
"stuff",0,0.000727213810837878,0
"subsidiary",0,0.000727213810837878,0
"substantially",0,0.000363606905418939,0
"sufficient",0,0.000363606905418939,0
"suicide",0,0.000363606905418939,0
"superior",0,0.000363606905418939,0
"sure",0,0.00145442762167576,0
"surely",0,0.000363606905418939,0
"systems",0,0.000363606905418939,0
"tag",0,0.000134196490186088,0.000298374139618034
"tags",0,0.0018180345270947,0
"takes",0,0.000363606905418939,0
"tell",0,0.00109082071625682,0
"telling",0,0.000363606905418939,0
"temporarily",0,0.000363606905418939,0
"than",0,0.000402589470558263,0.000298374139618034
"themselves",0,0.00109082071625682,0
"things",0,0.000670982450930438,0.000447561209427051
"three",0,0.000363606905418939,0
"throughout",0,0.000363606905418939,0
"together",0,0.000363606905418939,0
"token",0,0.00109082071625682,0
"transactions",0,0.000727213810837878,0
"transferred",0,0.000268392980372175,0.000298374139618034
"transferring",0,0.000363606905418939,0
"transparent",0,0.000363606905418939,0
"treat",0,0.000363606905418939,0
"treatment",0,0.000727213810837878,0
"treats",0,0.000363606905418939,0
"trending",0,0.000363606905418939,0
"trouble",0,0.000363606905418939,0
"truly",0,0.000363606905418939,0
"trust",0,0.000727213810837878,0
"try",0,0.000727213810837878,0
"tumblrcom",0,0.000363606905418939,0
"tumblrs",0,0.000727213810837878,0
"turn",0,0.000727213810837878,0
"turning",0,0.000363606905418939,0
"two",0,0.000363606905418939,0
"typically",0,0.000363606905418939,0
"understanding",0,0.000727213810837878,0
"unduly",0,0.000363606905418939,0
"unlisted",0,0.000363606905418939,0
"unregistered",0,0.000363606905418939,0
"unsubscribe",0,0.000134196490186088,0.000149187069809017
"upload",0,0.000134196490186088,0.000447561209427051
"valid",0,0.000363606905418939,0
"various",0,0.000134196490186088,0.000149187069809017
"vary",0,0.000134196490186088,0.000149187069809017
"vast",0,0.000363606905418939,0
"verify",0,0.000727213810837878,0
"verizon",0,0.00145442762167576,0
"version",0,0.000268392980372175,0.000447561209427051
"very",0,0.000727213810837878,0
"violations",0,0.000363606905418939,0
"violence",0,0.000363606905418939,0
"vital",0,0.000363606905418939,0
"way",0,0.000536785960744351,0.000298374139618034
"well",0,0.000727213810837878,0
"whatever",0,0.000363606905418939,0
"whether",0,0.000670982450930438,0.00223780604713526
"whollyowned",0,0.000727213810837878,0
"whom",0,0.000402589470558263,0.000149187069809017
"withdrawal",0,0.000363606905418939,0
"withdrawn",0,0.000363606905418939,0
"within",0,0.000134196490186088,0.000149187069809017
"won",0,0.00109082071625682,0
"wont",0,0.000363606905418939,0
"would",0,0.000402589470558263,0.000149187069809017
"wouldn",0,0.000363606905418939,0
"yahoo",0,0.00109082071625682,0
"yourself",0,0.00109082071625682,0
"accesses",0,0,0.00040422405017117
"accidentally",0,0,0.00040422405017117
"acquisition",0,0,0.00040422405017117
"across",0,0,0.00121267215051351
"actors",0,0,0.00040422405017117
"adequacy",0,0,0.00040422405017117
"adequate",0,0,0.00040422405017117
"adherence",0,0,0.00040422405017117
"adheres",0,0,0.00040422405017117
"affiliated",0,0,0.00040422405017117
"alert",0,0,0.00040422405017117
"alternatively",0,0,0.00040422405017117
"analysis",0,0,0.00040422405017117
"analyzing",0,0,0.00040422405017117
"apis",0,0,0.000808448100342339
"appear",0,0,0.00040422405017117
"application",0,0,0.00242534430102702
"archive",0,0,0.00040422405017117
"around",0,0,0.00040422405017117
"assistance",0,0,0.00040422405017117
"attempting",0,0,0.00040422405017117
"attn",0,0,0.000808448100342339
"audience",0,0,0.00040422405017117
"audiences",0,0,0.00040422405017117
"authenticate",0,0,0.000808448100342339
"authorities",0,0,0.00040422405017117
"authorized",0,0,0.00040422405017117
"basic",0,0,0.00040422405017117
"behavioral",0,0,0.00040422405017117
"billing",0,0,0.00040422405017117
"block",0,0,0.00040422405017117
"bodies",0,0,0.00040422405017117
"body",0,0,0.00040422405017117
"book",0,0,0.00161689620068468
"books",0,0,0.00040422405017117
"brand",0,0,0.00040422405017117
"bring",0,0,0.00040422405017117
"broadcast",0,0,0.00161689620068468
"broadcasts",0,0,0.00121267215051351
"broadly",0,0,0.00040422405017117
"came",0,0,0.00040422405017117
"cards",0,0,0.00040422405017117
"carrier",0,0,0.00040422405017117
"chargebacks",0,0,0.00040422405017117
"clauses",0,0,0.00040422405017117
"client",0,0,0.000808448100342339
"communicated",0,0,0.00040422405017117
"complies",0,0,0.00040422405017117
"concern",0,0,0.00040422405017117
"condition",0,0,0.00040422405017117
"conduct",0,0,0.00040422405017117
"confidentially",0,0,0.00040422405017117
"consistent",0,0,0.00040422405017117
"consumer",0,0,0.00040422405017117
"contained",0,0,0.00040422405017117
"contractual",0,0,0.00040422405017117
"contrary",0,0,0.00040422405017117
"contribute",0,0,0.00040422405017117
"conversations",0,0,0.00040422405017117
"copies",0,0,0.00040422405017117
"correct",0,0,0.000808448100342339
"correction",0,0,0.00040422405017117
"created",0,0,0.000808448100342339
"crossposting",0,0,0.00040422405017117
"crossservice",0,0,0.00040422405017117
"cumberland",0,0,0.00040422405017117
"current",0,0,0.00121267215051351
"cvv",0,0,0.00040422405017117
"daa",0,0,0.00040422405017117
"dashboard",0,0,0.00040422405017117
"deactivated",0,0,0.00161689620068468
"deactivating",0,0,0.00040422405017117
"deactivation",0,0,0.00040422405017117
"debit",0,0,0.000808448100342339
"decisions",0,0,0.00040422405017117
"decline",0,0,0.00040422405017117
"defenses",0,0,0.00040422405017117
"deleted",0,0,0.000808448100342339
"delivery",0,0,0.00040422405017117
"design",0,0,0.00040422405017117
"designed",0,0,0.00040422405017117
"detection",0,0,0.00040422405017117
"determine",0,0,0.000808448100342339
"developer",0,0,0.00040422405017117
"developers",0,0,0.00040422405017117
"devices",0,0,0.00242534430102702
"did",0,0,0.00040422405017117
"directed",0,0,0.00040422405017117
"discoverable",0,0,0.00040422405017117
"displaying",0,0,0.00040422405017117
"dispute",0,0,0.00121267215051351
"disseminate",0,0,0.00040422405017117
"download",0,0,0.00202112025085585
"dublin",0,0,0.00040422405017117
"duplicate",0,0,0.00040422405017117
"easy",0,0,0.00040422405017117
"efta",0,0,0.00121267215051351
"else",0,0,0.000808448100342339
"elsewhere",0,0,0.00040422405017117
"empower",0,0,0.00040422405017117
"engage",0,0,0.000808448100342339
"engaged",0,0,0.00040422405017117
"enough",0,0,0.00040422405017117
"ensure",0,0,0.000808448100342339
"entity",0,0,0.00040422405017117
"especially",0,0,0.00040422405017117
"evaluate",0,0,0.00040422405017117
"explain",0,0,0.00040422405017117
"express",0,0,0.00040422405017117
"external",0,0,0.00040422405017117
"facilitate",0,0,0.00040422405017117
"feedback",0,0,0.00040422405017117
"fees",0,0,0.00040422405017117
"fenian",0,0,0.00040422405017117
"figure",0,0,0.00040422405017117
"followers",0,0,0.00040422405017117
"formally",0,0,0.00040422405017117
"francisco",0,0,0.00040422405017117
"full",0,0,0.00040422405017117
"function",0,0,0.00040422405017117
"functions",0,0,0.00040422405017117
"global",0,0,0.000808448100342339
"hashed",0,0,0.00040422405017117
"hear",0,0,0.00040422405017117
"hearts",0,0,0.00121267215051351
"hope",0,0,0.00040422405017117
"host",0,0,0.00040422405017117
"hosting",0,0,0.00040422405017117
"httpsdevelopertwittercom",0,0,0.00040422405017117
"httpsoptoutaboutadsinfo",0,0,0.00040422405017117
"httpstwittercomprivacy",0,0,0.00040422405017117
"httptco",0,0,0.00040422405017117
"independent",0,0,0.00040422405017117
"inferences",0,0,0.00040422405017117
"inferred",0,0,0.000808448100342339
"inquiry",0,0,0.000808448100342339
"install",0,0,0.00040422405017117
"instance",0,0,0.00040422405017117
"instantly",0,0,0.00040422405017117
"integrating",0,0,0.00040422405017117
"integrity",0,0,0.00121267215051351
"intended",0,0,0.000808448100342339
"interestbased",0,0,0.00202112025085585
"interfaces",0,0,0.00040422405017117
"ireland",0,0,0.00121267215051351
"irish",0,0,0.00040422405017117
"just",0,0,0.000808448100342339
"key",0,0,0.00040422405017117
"languages",0,0,0.00121267215051351
"laptop",0,0,0.00040422405017117
"largescale",0,0,0.00040422405017117
"lead",0,0,0.00040422405017117
"least",0,0,0.00040422405017117
"lets",0,0,0.00040422405017117
"level",0,0,0.00040422405017117
"licensing",0,0,0.00040422405017117
"life",0,0,0.00040422405017117
"live",0,0,0.00121267215051351
"loggedout",0,0,0.00040422405017117
"malicious",0,0,0.000808448100342339
"managing",0,0,0.00040422405017117
"market",0,0,0.000808448100342339
"maximum",0,0,0.00040422405017117
"mention",0,0,0.00040422405017117
"merger",0,0,0.00040422405017117
"model",0,0,0.00040422405017117
"modification",0,0,0.00040422405017117
"modify",0,0,0.000808448100342339
"moments",0,0,0.00040422405017117
"months",0,0,0.00040422405017117
"mute",0,0,0.00040422405017117
"nonpersonal",0,0,0.000808448100342339
"nothing",0,0,0.00040422405017117
"notify",0,0,0.00040422405017117
"notwithstanding",0,0,0.00040422405017117
"obfuscate",0,0,0.00040422405017117
"objections",0,0,0.00040422405017117
"offerings",0,0,0.000808448100342339
"officer",0,0,0.000808448100342339
"old",0,0,0.000808448100342339
"operations",0,0,0.000808448100342339
"operator",0,0,0.00040422405017117
"ordinarily",0,0,0.00040422405017117
"participants",0,0,0.000808448100342339
"participation",0,0,0.00040422405017117
"particular",0,0,0.000808448100342339
"partnerships",0,0,0.000808448100342339
"performance",0,0,0.00040422405017117
"periscope",0,0,0.00646758480273871
"permit",0,0,0.00040422405017117
"persistent",0,0,0.00040422405017117
"personalizing",0,0,0.000808448100342339
"photo",0,0,0.000808448100342339
"piece",0,0,0.00040422405017117
"politics",0,0,0.00040422405017117
"poll",0,0,0.00040422405017117
"portable",0,0,0.00040422405017117
"portal",0,0,0.00040422405017117
"position",0,0,0.00040422405017117
"precise",0,0,0.000808448100342339
"previous",0,0,0.00040422405017117
"programming",0,0,0.00040422405017117
"prohibit",0,0,0.00040422405017117
"prohibited",0,0,0.00121267215051351
"properly",0,0,0.00040422405017117
"prospective",0,0,0.00040422405017117
"pseudonym",0,0,0.000808448100342339
"quantities",0,0,0.00040422405017117
"race",0,0,0.00040422405017117
"raise",0,0,0.00040422405017117
"range",0,0,0.00040422405017117
"reach",0,0,0.00040422405017117
"recipient",0,0,0.00040422405017117
"rectifying",0,0,0.00040422405017117
"referring",0,0,0.00040422405017117
"reflect",0,0,0.000808448100342339
"refunds",0,0,0.00040422405017117
"reliable",0,0,0.00040422405017117
"reliably",0,0,0.00040422405017117
"religion",0,0,0.00040422405017117
"remains",0,0,0.00040422405017117
"removed",0,0,0.00040422405017117
"reorganization",0,0,0.00040422405017117
"replay",0,0,0.00040422405017117
"reported",0,0,0.00040422405017117
"reshare",0,0,0.00040422405017117
"resolution",0,0,0.00121267215051351
"respects",0,0,0.00040422405017117
"restore",0,0,0.00040422405017117
"retweet",0,0,0.00040422405017117
"retweeted",0,0,0.00040422405017117
"revenue",0,0,0.00040422405017117
"revise",0,0,0.00040422405017117
"robust",0,0,0.00040422405017117
"sale",0,0,0.00040422405017117
"san",0,0,0.00040422405017117
"saw",0,0,0.000808448100342339
"scanning",0,0,0.00040422405017117
"searchable",0,0,0.00040422405017117
"searching",0,0,0.000808448100342339
"securely",0,0,0.00040422405017117
"seek",0,0,0.00040422405017117
"sees",0,0,0.00040422405017117
"selfregulatory",0,0,0.00040422405017117
"sensitive",0,0,0.00121267215051351
"session",0,0,0.00040422405017117
"setting",0,0,0.00040422405017117
"sex",0,0,0.00040422405017117
"shieldrelated",0,0,0.00040422405017117
"shortening",0,0,0.00040422405017117
"signals",0,0,0.000808448100342339
"signup",0,0,0.00040422405017117
"small",0,0,0.00040422405017117
"sms",0,0,0.00040422405017117
"sold",0,0,0.00040422405017117
"someone",0,0,0.00040422405017117
"speak",0,0,0.000808448100342339
"sports",0,0,0.00040422405017117
"sportsrelated",0,0,0.00040422405017117
"statutory",0,0,0.00040422405017117
"steps",0,0,0.000808448100342339
"stories",0,0,0.00040422405017117
"street",0,0,0.000808448100342339
"subjects",0,0,0.00040422405017117
"suggestions",0,0,0.00040422405017117
"suite",0,0,0.00040422405017117
"superfan",0,0,0.00040422405017117
"supports",0,0,0.00040422405017117
"sync",0,0,0.00040422405017117
"tailored",0,0,0.00040422405017117
"taken",0,0,0.00040422405017117
"targeting",0,0,0.00040422405017117
"thoughts",0,0,0.00040422405017117
"timelines",0,0,0.00040422405017117
"too",0,0,0.00040422405017117
"took",0,0,0.00040422405017117
"tool",0,0,0.00040422405017117
"topics",0,0,0.00121267215051351
"transaction",0,0,0.00040422405017117
"tweet",0,0,0.00242534430102702
"tweeted",0,0,0.00040422405017117
"tweeting",0,0,0.00040422405017117
"tweets",0,0,0.00687180885290988
"twittercom",0,0,0.000808448100342339
"twittermoments",0,0,0.00040422405017117
"update",0,0,0.00161689620068468
"updated",0,0,0.00040422405017117
"uploaded",0,0,0.00040422405017117
"verification",0,0,0.00040422405017117
"viewed",0,0,0.00040422405017117
"viewing",0,0,0.00040422405017117
"voted",0,0,0.00040422405017117
"watch",0,0,0.00040422405017117
"watched",0,0,0.00040422405017117
"watching",0,0,0.00040422405017117
"wikis",0,0,0.00040422405017117
"world",0,0,0.00121267215051351
"writing",0,0,0.00040422405017117
"wrongfully",0,0,0.00040422405017117
"years",0,0,0.00040422405017117
"zone",0,0,0.00040422405017117
